City_ID,City,Country,Lat,Lng,Max Temp,Humidity,Cloudiness,Wind Speed,Current Description
0,Mahebourg,MU,-20.4081,57.7,73.69,88,75,3.44,broken clouds
1,Punta Arenas,CL,-53.15,-70.9167,48.31,37,0,17.27,clear sky
2,Aykhal,RU,66.0,111.5,-49.59,100,98,6.08,overcast clouds
3,Busselton,AU,-33.65,115.3333,55.09,60,100,8.81,overcast clouds
4,Leningradskiy,RU,69.3833,178.4167,-31.25,91,3,4.41,clear sky
5,Tessalit,ML,20.1986,1.0114,69.76,9,14,8.93,few clouds
6,Namibe,AO,-15.1961,12.1522,71.4,77,53,5.46,broken clouds
7,Bluff,NZ,-46.6,168.3333,64.8,71,22,7.27,few clouds
8,Chuy,UY,-33.6971,-53.4616,68.59,76,0,13.0,light rain
9,East London,ZA,-33.0153,27.9116,71.85,95,100,7.87,light rain
10,Hay River,CA,60.8156,-115.7999,-4.02,77,75,8.05,broken clouds
11,Moron,AR,-34.6534,-58.6198,79.02,71,84,5.44,broken clouds
12,Nuuk,GL,64.1835,-51.7216,20.01,79,7,18.41,clear sky
13,Zanjan,IR,36.6736,48.4787,37.78,57,0,2.86,clear sky
14,Port Hedland,AU,-20.3167,118.5667,87.85,70,40,11.5,scattered clouds
15,Albany,US,42.6001,-73.9662,39.81,46,0,9.08,clear sky
16,Pisco,PE,-13.7,-76.2167,68.05,83,40,16.11,scattered clouds
17,Viedma,AR,-40.8135,-62.9967,73.99,17,62,18.3,broken clouds
18,New Norfolk,AU,-42.7826,147.0587,65.91,45,11,3.0,few clouds
19,Salalah,OM,17.0151,54.0924,71.69,43,0,6.91,clear sky
20,Cape Town,ZA,-33.9258,18.4232,66.61,78,0,1.99,clear sky
21,Kapaa,US,22.0752,-159.319,80.58,74,40,4.0,light rain
22,Solton,RU,52.8429,86.4787,2.77,99,94,4.0,overcast clouds
23,Chernyshevskiy,RU,63.0128,112.4714,-24.45,96,100,5.55,overcast clouds
24,Semnan,IR,35.5729,53.3971,42.51,45,0,3.44,clear sky
25,Arraial Do Cabo,BR,-22.9661,-42.0278,76.69,89,86,22.39,overcast clouds
26,Severnoye,RU,56.3491,78.3619,10.33,96,100,5.57,light snow
27,Olafsvik,IS,64.8945,-23.7142,41.88,89,99,19.73,overcast clouds
28,Avarua,CK,-21.2078,-159.775,73.45,94,90,4.61,heavy intensity rain
29,Yellowknife,CA,62.456,-114.3525,8.56,89,90,8.05,light snow
30,Tasiilaq,GL,65.6145,-37.6368,37.56,80,100,16.96,light rain
31,Alta Floresta,BR,-9.8756,-56.0861,73.89,93,93,1.99,overcast clouds
32,Lebu,CL,-37.6167,-73.65,56.37,67,4,8.95,clear sky
33,Port-Cartier,CA,50.0334,-66.8654,28.74,68,65,20.74,broken clouds
34,Denpasar,ID,-8.65,115.2167,80.26,88,40,5.75,scattered clouds
35,Vaini,TO,-21.2,-175.2,82.56,83,40,12.66,light rain
36,Ushuaia,AR,-54.8,-68.3,44.26,53,40,27.63,scattered clouds
37,Oxelosund,SE,58.6706,17.1015,30.58,99,90,4.61,fog
38,Nouadhibou,MR,20.931,-17.0347,66.18,72,0,20.71,clear sky
39,Nevel,RU,56.0209,29.9284,32.67,98,100,5.21,overcast clouds
40,Tricase,IT,39.9304,18.3553,46.31,68,97,21.32,overcast clouds
41,Mataura,NZ,-46.1927,168.8643,64.47,42,59,3.27,broken clouds
42,Zhezkazgan,KZ,47.8043,67.7144,18.14,94,100,17.11,light snow
43,Norman Wells,CA,65.282,-126.8329,-2.16,71,75,9.22,light snow
44,Asau,RO,46.4333,26.4,37.96,86,100,3.36,overcast clouds
45,Atuona,PF,-9.8,-139.0333,79.11,78,15,18.97,few clouds
46,Igarka,RU,67.4667,86.5833,-16.87,90,100,2.95,overcast clouds
47,Krasnovka,RU,48.8177,40.0923,29.71,54,100,17.22,overcast clouds
48,Flin Flon,CA,54.7682,-101.865,10.24,92,90,4.61,overcast clouds
49,Bethel,US,41.3712,-73.414,43.57,49,1,3.44,clear sky
50,Bajil,YE,15.0584,43.2851,75.04,66,0,4.07,clear sky
51,Nanortalik,GL,60.1432,-45.2371,21.69,78,27,4.99,scattered clouds
52,Bengkulu,ID,-3.8004,102.2655,74.77,88,100,3.8,overcast clouds
53,Kaitangata,NZ,-46.2817,169.8464,60.93,66,62,5.19,broken clouds
54,Ribeira Grande,PT,38.5167,-28.7,58.69,53,100,18.77,overcast clouds
55,Rikitea,PF,-23.1203,-134.9692,77.65,76,87,8.63,light rain
56,Bereda,ES,43.2686,-7.5406,44.58,100,74,1.88,broken clouds
57,Itarema,BR,-2.9248,-39.9167,80.64,79,38,15.41,scattered clouds
58,Awjilah,LY,29.1081,21.2869,54.46,76,2,8.55,clear sky
59,Kurchum,KZ,48.5722,83.6542,14.58,93,100,0.58,light snow
60,Port Elizabeth,ZA,-33.918,25.5701,71.1,88,90,6.91,overcast clouds
61,Airai,TL,-8.9266,125.4092,66.88,78,100,1.05,overcast clouds
62,Guanare,VE,9.0418,-69.7421,80.46,51,78,3.27,broken clouds
63,Saskylakh,RU,71.9167,114.0833,-44.9,100,70,3.33,broken clouds
64,Butaritari,KI,3.0707,172.7902,82.62,71,74,16.37,broken clouds
65,Margate,GB,51.3813,1.3862,53.31,80,98,1.99,overcast clouds
66,Rondonopolis,BR,-16.4708,-54.6356,75.87,90,100,3.0,overcast clouds
67,Hobart,AU,-42.8794,147.3294,66.25,56,20,4.0,few clouds
68,Tuktoyaktuk,CA,69.4541,-133.0374,-5.8,77,90,18.41,light snow
69,Dikson,RU,73.5069,80.5464,-16.83,95,96,15.1,overcast clouds
70,Puurmani,EE,58.5738,26.2878,34.02,98,100,6.62,light snow
71,Jamestown,US,42.097,-79.2353,40.71,53,1,5.99,clear sky
72,Souillac,MU,-20.5167,57.5167,73.78,88,75,3.44,broken clouds
73,Hilo,US,19.7297,-155.09,79.11,60,75,8.05,broken clouds
74,Adrar,MR,20.5022,-10.0711,67.35,16,43,10.71,scattered clouds
75,Kununurra,AU,-15.7667,128.7333,91.38,55,10,5.75,clear sky
76,Goslar,DE,51.9043,10.4277,44.47,95,100,6.22,overcast clouds
77,Saldanha,ZA,-33.0117,17.9442,60.85,90,100,11.86,overcast clouds
78,Hamilton,US,39.1834,-84.5333,43.77,56,1,1.01,clear sky
79,Mandera,KE,3.9366,41.867,84.97,44,95,16.44,overcast clouds
80,Poum,NC,-20.2333,164.0167,77.67,91,100,14.36,overcast clouds
81,Valdepenas,ES,38.7621,-3.3848,44.02,61,52,3.56,broken clouds
82,Cefalu,IT,38.0386,14.0229,53.74,79,42,8.99,scattered clouds
83,Mende,FR,44.6667,3.5,33.17,99,91,3.89,overcast clouds
84,Karatuzskoye,RU,53.6072,92.8667,15.39,88,100,5.61,overcast clouds
85,Hermanus,ZA,-34.4187,19.2345,63.9,88,62,7.61,broken clouds
86,Tungor,RU,53.3808,142.9564,24.22,89,100,19.06,overcast clouds
87,Labuhan,ID,-6.8844,112.2051,78.58,86,95,9.13,overcast clouds
88,Znojmo,CZ,48.8555,16.0488,37.15,94,99,8.63,overcast clouds
89,Tarko-Sale,RU,64.9225,77.785,-24.2,87,53,8.19,broken clouds
90,Havoysund,NO,70.9963,24.6622,32.88,98,100,10.07,light snow
91,Muncar,ID,-8.4333,114.3333,79.02,88,96,4.43,overcast clouds
92,Haines Junction,CA,60.7522,-137.5108,-5.85,54,99,6.91,overcast clouds
93,Lisakovsk,KZ,52.5369,62.4936,6.62,89,7,5.91,clear sky
94,Torbay,CA,47.6666,-52.7314,44.76,94,90,26.46,light intensity drizzle
95,Qaanaaq,GL,77.484,-69.3632,-3.71,72,79,3.78,broken clouds
96,Iracoubo,GF,5.4802,-53.2011,77.09,91,100,9.33,overcast clouds
97,Portland,US,45.5234,-122.6762,46.45,88,75,1.01,light rain
98,Hambantota,LK,6.1241,81.1185,78.08,81,100,14.29,overcast clouds
99,Maragogi,BR,-9.0122,-35.2225,79.03,79,21,11.36,few clouds
100,Amga,RU,60.8953,131.9608,-18.6,98,100,2.01,overcast clouds
101,Puerto Ayora,EC,-0.7393,-90.3518,69.33,92,99,7.74,overcast clouds
102,Iqaluit,CA,63.7506,-68.5145,6.53,65,75,8.01,broken clouds
103,Tulun,RU,54.5611,100.5792,14.11,85,100,11.05,overcast clouds
104,Amazar,RU,53.858,120.875,-3.08,98,100,1.16,overcast clouds
105,Mildura,AU,-34.2,142.15,89.56,18,41,12.66,scattered clouds
106,Nikolskoye,RU,59.7035,30.7861,24.4,99,100,3.29,light snow
107,Katsuura,JP,35.1333,140.3,52.2,58,82,14.07,broken clouds
108,Bredasdorp,ZA,-34.5322,20.0403,60.28,87,100,2.08,overcast clouds
109,Cootamundra,AU,-34.65,148.0333,76.95,38,0,4.61,clear sky
110,Lufilufi,WS,-13.8745,-171.5986,83.98,70,72,10.67,broken clouds
111,Pingdu,CN,36.7844,119.9464,22.44,48,0,2.53,clear sky
112,Biu,NG,10.6129,12.1946,69.4,25,71,7.72,broken clouds
113,Vila Velha,BR,-20.3297,-40.2925,78.94,85,0,11.01,clear sky
114,Maldonado,UY,-34.6667,-54.9167,76.39,85,77,6.35,broken clouds
115,Zastavna,UA,48.5231,25.8437,38.62,94,100,11.86,overcast clouds
116,Tiksi,RU,71.6872,128.8694,-18.94,100,100,2.89,overcast clouds
117,Skjervoy,NO,70.0311,20.9714,34.68,99,100,8.25,light snow
118,Narsaq,GL,60.9167,-46.05,19.62,79,3,3.15,clear sky
119,Aswan,EG,24.0934,32.907,71.33,54,79,3.94,broken clouds
120,Port Lincoln,AU,-34.7333,135.8667,63.5,60,90,13.78,overcast clouds
121,Pronsk,RU,54.1048,39.6092,23.22,85,70,9.31,broken clouds
122,Hithadhoo,MV,-0.6,73.0833,80.83,79,100,11.1,overcast clouds
123,Fare,PF,-16.7,-151.0167,80.73,75,71,11.54,light rain
124,San Quintin,MX,30.4833,-115.95,60.84,64,2,9.46,clear sky
125,Sinnamary,GF,5.3833,-52.95,76.89,91,100,9.62,overcast clouds
126,Nishihara,JP,26.1842,127.7558,67.28,81,90,16.11,mist
127,Iquique,CL,-20.2208,-70.1431,68.04,81,58,3.02,broken clouds
128,Kungurtug,RU,50.5994,97.5228,-8.07,95,66,1.63,broken clouds
129,Palana,RU,59.1167,159.9667,13.15,84,100,20.04,overcast clouds
130,Suratgarh,IN,29.3167,73.9,56.26,23,60,5.73,broken clouds
131,Galesong,ID,-5.3166,119.3661,77.02,81,99,6.85,overcast clouds
132,Agadir,MA,30.4202,-9.5982,52.25,43,43,7.4,scattered clouds
133,Pangnirtung,CA,66.1451,-65.7125,-4.43,71,62,6.46,broken clouds
134,Cockburn Town,TC,21.4612,-71.1419,78.76,73,40,9.22,scattered clouds
135,Sur,OM,22.5667,59.5289,70.36,63,6,6.11,clear sky
136,Taoudenni,ML,22.6783,-3.9836,67.14,18,56,14.92,broken clouds
137,Nantucket,US,41.2835,-70.0995,43.97,56,1,10.36,clear sky
138,Bathsheba,BB,13.2167,-59.5167,81.21,78,40,19.57,scattered clouds
139,Kavieng,PG,-2.5744,150.7967,84.61,72,100,7.16,light rain
140,Yuancheng,CN,36.652,107.7896,22.24,73,0,1.99,clear sky
141,Sfantu Gheorghe,RO,45.8667,25.7833,41.27,93,75,2.46,broken clouds
142,Lorengau,PG,-2.0226,147.2712,83.52,80,100,15.75,overcast clouds
143,Choya,RU,52.0108,86.5467,16.65,95,100,4.27,light snow
144,Faya,SA,18.3851,42.4509,46.92,44,8,3.22,clear sky
145,Garissa,KE,-0.4536,39.6401,77.86,75,100,8.84,overcast clouds
146,Cidreira,BR,-30.1811,-50.2056,71.49,87,1,13.94,clear sky
147,Isangel,VU,-19.55,169.2667,83.71,76,100,11.01,overcast clouds
148,Sistranda,NO,63.7256,8.834,40.89,77,100,9.71,overcast clouds
149,Saint Anthony,US,45.0205,-93.218,34.75,68,1,3.0,clear sky
150,Ponta Do Sol,PT,32.6667,-17.1,65.01,78,46,1.7,scattered clouds
151,Codrington,AU,-38.2667,141.9667,84.51,23,68,13.13,broken clouds
152,Nacala,MZ,-14.5428,40.6728,77.22,84,59,6.15,broken clouds
153,Saint-Philippe,RE,-21.3585,55.7679,76.59,74,74,11.39,broken clouds
154,Rawson,AR,-43.3002,-65.1023,58.75,66,91,17.87,light rain
155,Sault Sainte Marie,CA,46.5168,-84.3333,39.49,70,1,12.66,clear sky
156,Khawhai,IN,23.3667,93.1167,42.19,92,1,3.06,clear sky
157,Broome,US,42.2506,-75.833,39.65,58,1,1.99,clear sky
158,Chokurdakh,RU,70.6333,147.9167,-38.67,97,98,2.33,overcast clouds
159,Mar Del Plata,AR,-38.0023,-57.5575,71.62,83,40,10.0,scattered clouds
160,Qaqortoq,GL,60.7167,-46.0333,19.9,85,8,4.94,clear sky
161,Meulaboh,ID,4.1363,96.1285,75.45,90,88,1.63,overcast clouds
162,Dong Xoai,VN,11.5333,106.9167,71.42,69,77,9.57,broken clouds
163,Plessisville,CA,46.2186,-71.762,37.08,70,40,17.47,scattered clouds
164,Khatanga,RU,71.9667,102.5,-51.12,99,80,3.85,broken clouds
165,Kodiak,US,57.79,-152.4072,14.29,62,20,25.32,few clouds
166,Yulara,AU,-25.2406,130.9889,80.44,54,99,6.91,overcast clouds
167,Castro,BR,-24.7911,-50.0119,69.82,55,93,4.81,overcast clouds
168,Bambous Virieux,MU,-20.3428,57.7575,73.65,88,75,3.44,light rain
169,Abu Dhabi,AE,24.4667,54.3667,71.96,66,93,8.39,overcast clouds
170,Geraldton,AU,-28.7667,114.6,65.12,68,49,8.05,scattered clouds
171,Ostrovnoy,RU,68.0531,39.5131,29.86,92,100,14.92,overcast clouds
172,Carnarvon,AU,-24.8667,113.6333,71.67,68,3,20.71,clear sky
173,Clyde River,CA,70.4692,-68.5914,-1.97,92,90,11.5,light snow
174,Thompson,CA,55.7435,-97.8558,3.36,85,90,0.0,light snow
175,Ahipara,NZ,-35.1667,173.1667,70.03,94,100,7.83,overcast clouds
176,Vigrestad,NO,58.5667,5.7,44.01,87,100,14.61,overcast clouds
177,Port Hardy,CA,50.6996,-127.4199,37.4,93,75,6.91,light shower snow
178,Henties Bay,NA,-22.116,14.2845,60.85,90,0,6.93,clear sky
179,Lavumisa,SZ,-27.31,31.892,70.56,95,100,2.24,light rain
180,Meadow Lake,US,34.8014,-106.5436,56.17,24,2,2.57,clear sky
181,Coihaique,CL,-45.5752,-72.0662,57.15,47,75,5.75,broken clouds
182,Camalu,MX,30.85,-116.0667,61.43,63,0,7.94,clear sky
183,San Juan,AR,-31.5375,-68.5364,74.86,44,7,18.52,clear sky
184,Komsomolskiy,UZ,40.4272,71.7189,35.02,60,53,6.91,haze
185,Coihueco,CL,-36.6167,-71.8333,66.94,34,4,8.05,clear sky
186,Necochea,AR,-38.5473,-58.7368,65.03,67,75,7.54,broken clouds
187,Hasaki,JP,35.7333,140.8333,50.29,50,65,19.22,broken clouds
188,Caceres,ES,39.522,-6.3748,47.8,88,2,4.25,clear sky
189,Hofn,IS,64.2539,-15.2082,38.52,92,100,0.34,overcast clouds
190,Bugene,TZ,-1.5911,31.1403,60.46,88,100,2.57,overcast clouds
191,Egvekinot,RU,66.3167,-179.1667,-22.83,80,1,6.58,clear sky
192,Mayumba,GA,-3.432,10.6554,76.39,90,93,1.32,overcast clouds
193,Lavrentiya,RU,65.5833,-171.0,-14.62,88,18,2.93,few clouds
194,Puerto Del Rosario,ES,28.5004,-13.8627,64.15,88,20,6.91,few clouds
195,Kamina,CD,-8.7386,24.9906,65.1,97,100,6.13,overcast clouds
196,Prescott,US,34.54,-112.4685,58.21,30,1,4.0,clear sky
197,Santa Cruz De La Palma,ES,28.6835,-17.7642,66.34,59,40,9.22,scattered clouds
198,Koundara,GN,12.4833,-13.3,77.43,32,12,1.39,few clouds
199,Horki,BY,54.2861,30.9842,32.95,97,100,6.46,light snow
200,Comodoro Rivadavia,AR,-45.8667,-67.5,57.06,88,82,4.61,broken clouds
201,La Ronge,CA,55.1001,-105.2842,10.65,85,90,1.14,overcast clouds
202,Pevek,RU,69.7008,170.3133,-32.93,96,13,1.54,few clouds
203,Aksu,CN,41.1231,80.2644,18.82,75,13,0.89,few clouds
204,Fort Nelson,CA,58.8053,-122.7002,0.99,85,75,4.61,light snow
205,Sulangan,PH,11.1373,123.7228,80.82,84,62,16.11,broken clouds
206,Porto Novo,BJ,6.4965,2.6036,84.02,83,27,5.28,scattered clouds
207,Rio Verde De Mato Grosso,BR,-18.9181,-54.8442,74.73,93,97,3.65,moderate rain
208,Catio,GW,11.2833,-15.25,77.4,81,13,5.99,few clouds
209,Kloulklubed,PW,7.0419,134.2556,81.1,80,67,13.96,broken clouds
210,Abu Samrah,SY,35.3029,37.1841,55.38,48,96,7.14,overcast clouds
211,Victoria,HK,22.2855,114.1577,65.32,72,53,1.99,broken clouds
212,Kahului,US,20.8947,-156.47,81.97,73,20,24.16,few clouds
213,Alofi,NU,-19.0595,-169.9187,82.29,74,6,8.05,clear sky
214,Svetlaya,RU,46.5389,138.3297,20.17,54,100,18.79,overcast clouds
215,Baglan,AF,36.1307,68.7083,40.78,61,36,1.48,scattered clouds
216,Ambulu,ID,-8.345,113.6058,80.74,83,83,2.51,broken clouds
217,Provideniya,RU,64.3833,-173.3,-8.64,70,0,6.71,clear sky
218,Lagoa,PT,39.05,-27.9833,57.74,53,100,22.57,overcast clouds
219,Abalak,RU,58.1286,68.5944,12.29,91,86,7.9,overcast clouds
220,Jiexiu,CN,37.0244,111.9125,29.62,35,0,2.73,clear sky
221,Ilulissat,GL,69.2167,-51.1,19.42,63,75,9.22,broken clouds
222,Alaca,TR,40.1683,34.8425,44.1,50,0,4.45,clear sky
223,Padang,ID,-0.9492,100.3543,77.05,93,100,1.66,overcast clouds
224,Tuburan,PH,6.6439,122.2736,78.89,70,27,3.85,scattered clouds
225,Camacha,PT,33.0833,-16.3333,61.54,94,40,6.91,scattered clouds
226,Nalut,LY,30.3333,10.85,44.02,60,4,8.19,clear sky
227,Mount Isa,AU,-20.7333,139.5,94.77,12,7,11.5,clear sky
228,Am Timan,TD,11.0297,20.2827,77.2,26,100,5.7,overcast clouds
229,Gisborne,NZ,-38.6533,178.0042,69.94,94,100,6.4,overcast clouds
230,Archidona,ES,37.0965,-4.3887,51.37,78,2,5.46,clear sky
231,Constitucion,CL,-35.3333,-72.4167,55.22,69,1,17.2,clear sky
232,Algeciras,ES,36.1333,-5.4505,62.37,94,20,14.97,few clouds
233,Cayenne,GF,4.9333,-52.3333,77.04,90,75,5.01,broken clouds
234,Lasa,IT,46.6166,10.7002,40.08,93,60,6.73,broken clouds
235,Sao Felix Do Xingu,BR,-6.6447,-51.995,73.62,98,100,1.03,overcast clouds
236,Maumere,ID,-8.6199,122.2111,83.19,74,100,2.66,overcast clouds
237,Acapulco,MX,16.8634,-99.8901,84.02,74,1,9.22,clear sky
238,Hoi An,VN,15.8794,108.335,75.16,79,84,14.83,broken clouds
239,Touros,BR,-5.1989,-35.4608,83.3,77,8,15.52,clear sky
240,Vanderhoof,CA,54.0166,-124.0198,20.26,91,98,2.13,overcast clouds
241,College,US,64.8569,-147.8028,-10.8,62,75,3.44,mist
242,Ancud,CL,-41.8697,-73.8203,57.42,75,48,7.92,scattered clouds
243,Dunedin,NZ,-45.8742,170.5036,64.8,60,62,5.01,broken clouds
244,Nong Khai,TH,17.9167,103.0833,62.78,80,11,6.29,few clouds
245,Mayo,US,38.8876,-76.5119,45.99,52,1,1.01,clear sky
246,Glendive,US,47.1053,-104.7125,44.22,49,1,6.91,clear sky
247,Sanmenxia,CN,34.7747,111.1814,34.07,66,0,6.49,clear sky
248,Santa Cruz,BO,-17.8,-63.1667,78.85,89,75,5.75,broken clouds
249,Marshfield,US,44.6689,-90.1718,35.33,59,1,9.22,clear sky
250,Dingle,PH,10.9995,122.6711,80.01,86,84,9.73,broken clouds
251,Kuytun,RU,54.3419,101.5036,13.55,88,100,9.1,overcast clouds
252,Noumea,NC,-22.2763,166.4572,82.38,87,100,2.42,moderate rain
253,Luderitz,NA,-26.6481,15.1594,61.38,81,7,11.32,clear sky
254,Farafangana,MG,-22.8167,47.8333,73.02,84,35,3.69,scattered clouds
255,Morondava,MG,-20.2833,44.2833,78.64,74,78,3.74,broken clouds
256,Zyryanka,RU,65.75,150.85,-33.11,94,100,9.55,overcast clouds
257,Rocha,UY,-34.4833,-54.3333,68.86,77,71,7.29,broken clouds
258,Atbasar,KZ,51.8,68.3333,-1.14,97,10,4.36,clear sky
259,Udachnyy,RU,66.4167,112.4,-47.56,71,100,3.74,overcast clouds
260,Nemuro,JP,43.3236,145.575,31.01,62,17,31.9,few clouds
261,Namatanai,PG,-3.6667,152.4333,84.76,68,94,4.68,overcast clouds
262,Eyl,SO,7.9803,49.8164,75.02,77,19,19.48,few clouds
263,Sakaiminato,JP,35.55,133.2333,46.38,61,75,10.36,broken clouds
264,Paamiut,GL,61.994,-49.6678,10.85,78,1,6.49,clear sky
265,Arlit,NE,18.7369,7.3853,68.59,8,89,6.53,overcast clouds
266,Mae Sai,TH,20.4335,99.8762,62.44,90,9,1.1,clear sky
267,Yenagoa,NG,4.9247,6.2642,80.19,83,76,4.05,broken clouds
268,Allapalli,IN,19.4167,80.0667,58.78,66,26,1.99,scattered clouds
269,Navalmoral De La Mata,ES,39.8916,-5.5406,50.95,84,8,4.16,clear sky
270,Visnes,NO,59.3556,5.2242,44.22,81,90,12.66,overcast clouds
271,Zhangye,CN,38.9342,100.4517,18.7,45,0,3.56,clear sky
272,Halifax,CA,44.6453,-63.5724,39.25,65,100,8.01,overcast clouds
273,Caravelas,BR,-17.7125,-39.2481,76.57,86,59,8.68,broken clouds
274,Seymchan,RU,62.8833,152.4333,-14.8,98,100,8.48,light snow
275,Mathbaria,BD,22.2876,89.9593,57.11,54,1,5.99,clear sky
276,Green Valley,US,31.8543,-110.9937,75.16,29,9,5.75,clear sky
277,Bud,US,39.447,-86.1758,42.82,58,5,7.61,clear sky
278,Husavik,IS,66.0449,-17.3389,37.31,79,95,13.8,overcast clouds
279,Seydi,TM,39.4816,62.9137,45.34,87,99,8.5,light rain
280,Ken Caryl,US,39.5773,-105.1169,60.17,30,44,1.01,scattered clouds
281,Kapchorwa,UG,1.3965,34.4509,59.88,61,79,6.4,broken clouds
282,Ucluelet,CA,48.9329,-125.5528,42.1,86,100,7.34,overcast clouds
283,Massape,BR,-3.5228,-40.3428,81.25,65,72,7.34,broken clouds
284,Klaksvik,FO,62.2266,-6.589,41.92,91,100,15.46,overcast clouds
285,Beloha,MG,-25.1667,45.05,72.25,79,56,7.72,broken clouds
286,Banda Aceh,ID,5.5577,95.3222,77.13,85,26,12.3,scattered clouds
287,Avera,US,33.194,-82.5271,55.27,48,0,6.51,clear sky
288,Toora-Khem,RU,52.4675,96.11,1.71,96,99,0.38,overcast clouds
289,Batavia,US,41.85,-88.3126,45.91,64,1,1.99,clear sky
290,Millinocket,US,45.6573,-68.7098,39.42,41,1,3.44,clear sky
291,Nueva Gerona,CU,21.8833,-82.8,78.31,75,2,7.58,clear sky
292,Port Alfred,ZA,-33.5906,26.891,71.02,96,100,14.23,overcast clouds
293,Tilichiki,RU,60.4667,166.1,-7.94,84,100,19.24,overcast clouds
294,Coquimbo,CL,-29.9533,-71.3436,65.93,59,0,11.5,clear sky
295,Bereznik,RU,62.8551,42.7072,16.05,95,79,6.82,light snow
296,Bitam,GA,2.076,11.5007,68.79,97,50,2.68,scattered clouds
297,Severo-Kurilsk,RU,50.6789,156.125,33.19,87,80,12.46,broken clouds
298,Georgetown,MY,5.4112,100.3354,78.89,83,20,2.3,few clouds
299,Salinopolis,BR,-0.6136,-47.3561,81.66,79,32,12.84,scattered clouds
300,Upernavik,GL,72.7868,-56.1549,6.24,92,100,10.6,overcast clouds
301,Cururupu,BR,-1.8283,-44.8683,78.8,85,50,5.01,scattered clouds
302,Fortuna,US,40.5982,-124.1573,52.66,78,90,5.99,overcast clouds
303,Swan Hill,AU,-35.3378,143.5544,89.49,18,2,11.72,clear sky
304,Saint George,US,37.1041,-113.5841,59.47,39,1,1.99,clear sky
305,Saint-Pierre,RE,-21.3393,55.4781,76.68,70,20,11.5,few clouds
306,Longyearbyen,SJ,78.2186,15.6401,31.84,74,75,20.71,broken clouds
307,Sabzevar,IR,36.2126,57.6819,39.36,69,2,3.53,clear sky
308,Ballina,AU,-28.8667,153.5667,75.38,77,90,12.66,overcast clouds
309,Mogadishu,SO,2.0371,45.3438,79.02,83,94,17.29,overcast clouds
310,Cairns,AU,-16.9167,145.7667,89.55,58,40,10.36,scattered clouds
311,Plettenberg Bay,ZA,-34.0527,23.3716,65.5,93,94,1.54,light rain
312,Ganzhou,CN,28.8184,115.4327,50.14,71,82,4.85,broken clouds
313,Lompoc,US,34.6391,-120.4579,63.12,66,1,12.66,clear sky
314,Baglung,NP,28.2719,83.5898,48.61,49,23,5.48,few clouds
315,Rawlins,US,41.7911,-107.2387,34.23,46,1,31.07,light snow
316,Lar,IN,26.2039,83.9717,56.7,53,0,2.82,clear sky
317,Port Keats,AU,-14.25,129.55,90.52,56,25,9.13,scattered clouds
318,Zhanaozen,KZ,43.3,52.8,22.68,69,0,10.54,clear sky
319,Richards Bay,ZA,-28.783,32.0377,75.63,70,100,8.81,overcast clouds
320,Chabahar,IR,25.2919,60.643,70.72,51,18,5.06,few clouds
321,Kasongo-Lunda,CD,-6.4667,16.8167,70.83,98,100,0.69,overcast clouds
322,Byron Bay,AU,-28.65,153.6167,76.87,73,90,11.74,overcast clouds
323,Iquitos,PE,-3.7481,-73.2472,87.84,70,0,2.3,clear sky
324,Hirara,JP,24.8,125.2833,68.27,77,75,16.11,broken clouds
325,Wakema,MM,16.6,95.1833,70.84,85,17,6.35,few clouds
326,Kerema,PG,-7.9631,145.7785,83.34,73,100,3.33,overcast clouds
327,Burgeo,CA,47.6167,-57.6152,36.09,71,100,32.97,overcast clouds
328,Barrow,US,71.2906,-156.7887,-12.98,77,1,13.8,clear sky
329,Abadiania,BR,-16.2042,-48.7069,70.72,97,100,4.32,light rain
330,Healdsburg,US,38.6105,-122.8692,54.37,86,90,1.01,mist
331,Qostanay,KZ,53.1667,63.5833,7.57,87,22,6.64,few clouds
332,North Platte,US,41.1239,-100.7654,53.49,29,1,3.0,clear sky
333,Quevedo,EC,-1.0333,-79.45,73.36,92,100,3.94,light rain
334,Te Anau,NZ,-45.4167,167.7167,63.48,58,60,3.02,broken clouds
335,Tchamba,TG,9.0333,1.4167,78.03,24,23,5.1,few clouds
336,Morristown,US,36.214,-83.2949,42.13,61,1,0.0,clear sky
337,Fonte Boa,BR,-2.4959,-66.2662,75.99,95,61,2.06,broken clouds
338,Beyneu,KZ,45.3167,55.2,21.67,67,7,9.46,clear sky
339,Cornwall,CA,45.0181,-74.7281,41.41,56,1,20.71,clear sky
340,Oranjemund,NA,-28.55,16.4333,61.27,94,55,2.42,broken clouds
341,Trairi,BR,-3.2778,-39.2689,80.8,77,67,11.7,broken clouds
342,Manyana,BW,-23.4,21.7167,71.71,61,91,9.24,overcast clouds
343,Dhidhdhoo,MV,6.8833,73.1,81.34,75,85,3.71,overcast clouds
344,Shemursha,RU,54.8866,47.5189,16.77,77,48,6.62,scattered clouds
345,Maniitsoq,GL,65.4167,-52.9,20.1,64,6,6.06,clear sky
346,Itoman,JP,26.1247,127.6694,68.02,78,75,23.02,broken clouds
347,Zhangjiakou,CN,40.81,114.8794,17.94,31,0,0.54,clear sky
348,Garowe,SO,8.4054,48.4845,68.9,74,5,8.59,clear sky
349,Karasuk,RU,53.7377,78.0403,6.58,94,100,10.07,overcast clouds
350,Sitka,US,57.0531,-135.33,35.49,69,90,4.61,light rain
351,Malakal,SS,9.5334,31.6605,77.54,28,52,4.7,broken clouds
352,San Martin,AR,-33.081,-68.4681,73.94,50,56,8.86,broken clouds
353,Kilrush,IE,52.6397,-9.4833,46.15,77,100,12.21,overcast clouds
354,Aklavik,CA,68.2191,-135.0107,-3.17,90,100,21.43,overcast clouds
355,Jackson,US,42.4165,-122.8345,43.86,85,90,6.91,overcast clouds
356,Pringsewu,ID,-5.3582,104.9744,75.96,90,68,1.12,broken clouds
357,The Valley,AI,18.217,-63.0578,80.1,83,40,11.5,scattered clouds
358,Port Macquarie,AU,-31.4333,152.9167,74.89,59,1,10.65,clear sky
359,Dakar,SN,14.6937,-17.4441,77.88,65,62,10.29,broken clouds
360,Mana,GF,5.6592,-53.7767,76.91,91,100,9.53,overcast clouds
361,Alyangula,AU,-13.8483,136.4192,87.67,70,74,9.22,broken clouds
362,Maracas,BR,-13.4411,-40.4308,62.89,88,99,6.85,overcast clouds
363,Kurtamysh,RU,54.9103,64.4319,14.0,79,6,12.39,clear sky
364,Gillette,US,44.2911,-105.5022,41.92,56,1,17.0,clear sky
365,Linhares,BR,-19.3911,-40.0722,74.68,89,99,6.35,overcast clouds
366,Sorland,NO,67.667,12.6934,36.46,97,96,17.36,overcast clouds
367,Atar,MR,20.5169,-13.0499,69.82,17,78,8.32,broken clouds
368,Muros,ES,42.7762,-9.0603,54.23,96,61,6.85,broken clouds
369,Praya,CV,14.9215,-23.5087,73.94,83,99,18.41,overcast clouds
370,Deputatskiy,RU,69.3,139.9,-34.87,100,95,1.41,overcast clouds
371,Prieska,ZA,-29.6641,22.7474,69.26,68,80,8.08,broken clouds
372,Bandarbeyla,SO,9.4942,50.8122,76.41,77,3,21.72,clear sky
373,Gao,ML,16.6362,1.637,73.18,10,98,10.49,overcast clouds
374,Quimper,FR,48.0,-4.1,55.6,93,90,6.91,overcast clouds
375,Annau,TM,37.8876,58.516,40.5,100,90,6.91,mist
376,Soyo,AO,-6.1349,12.3689,76.6,93,95,3.85,light rain
377,Magistralnyy,RU,56.1725,107.4458,4.14,97,100,1.95,overcast clouds
378,Kruisfontein,ZA,-34.0033,24.7314,68.88,96,100,7.11,light rain
379,Ponnani,IN,10.767,75.9252,74.52,83,32,8.34,scattered clouds
380,Leh,IN,34.1667,77.5833,7.47,70,83,2.57,broken clouds
381,Buala,SB,-8.145,159.5921,85.55,74,99,8.88,light rain
382,Sept-Iles,CA,50.2001,-66.3821,29.05,64,40,23.0,scattered clouds
383,Miracema Do Tocantins,BR,-9.5618,-48.3967,75.88,92,100,0.78,overcast clouds
384,Berlevag,NO,70.8578,29.0864,24.8,90,95,15.41,overcast clouds
385,Noyabrsk,RU,63.1994,75.4507,-20.88,100,76,6.49,broken clouds
386,Khorixas,NA,-20.3667,14.9667,77.61,26,91,1.3,overcast clouds
387,Yala,TH,6.3333,101.25,73.11,92,64,1.39,broken clouds
388,Zhigansk,RU,66.7697,123.3711,-36.65,99,94,8.61,overcast clouds
389,Spokane,US,47.6166,-117.3677,38.34,73,90,5.01,overcast clouds
390,Awbari,LY,26.5921,12.7805,50.7,62,0,5.39,clear sky
391,Uvira,CD,-3.4067,29.1458,73.2,74,100,1.92,overcast clouds
392,Kozlovo,RU,56.5167,36.2667,28.54,91,100,8.3,overcast clouds
393,Sterlitamak,RU,53.6246,55.9502,4.87,97,26,0.74,scattered clouds
394,Camana,PE,-16.6228,-72.7111,67.96,88,98,8.46,overcast clouds
395,Beringovskiy,RU,63.05,179.3167,-15.45,99,100,13.96,light snow
396,Faanui,PF,-16.4833,-151.75,81.27,73,45,11.12,scattered clouds
397,Tadine,NC,-21.55,167.8833,79.05,86,100,9.78,overcast clouds
398,Merauke,ID,-8.4667,140.3333,79.97,85,99,16.44,overcast clouds
399,Nelson,NZ,-41.2833,173.2833,70.81,70,80,4.72,broken clouds
400,Barra Patuca,HN,15.8,-84.2833,76.8,86,1,8.77,clear sky
401,Antofagasta,CL,-23.65,-70.4,65.48,80,41,5.68,scattered clouds
402,Hoa Binh,VN,20.8133,105.3383,64.29,66,98,1.36,overcast clouds
403,Odweyne,SO,9.4092,45.064,65.66,42,4,18.7,clear sky
404,Thinadhoo,MV,0.5333,72.9333,80.73,76,94,9.24,overcast clouds
405,Tulsipur,NP,28.131,82.2973,51.71,76,53,4.21,broken clouds
406,Zarasai,LT,55.7333,26.25,29.46,92,89,5.14,overcast clouds
407,Chapada Dos Guimaraes,BR,-15.4606,-55.7497,67.66,96,98,4.59,overcast clouds
408,Maraa,BR,-1.8333,-65.3667,75.78,91,83,2.82,broken clouds
409,Vilhena,BR,-12.7406,-60.1458,71.82,94,75,4.61,broken clouds
410,San Pedro,PH,14.35,121.0167,81.32,78,75,1.14,broken clouds
411,Krasnoselkup,RU,65.7,82.4667,-17.52,91,100,5.88,overcast clouds
412,Port Huron,US,42.9709,-82.4249,43.14,59,1,8.01,clear sky
413,San Buenaventura,MX,27.0833,-101.5333,63.48,28,2,3.89,clear sky
414,Pangai,TO,-19.8,-174.35,84.31,70,40,10.36,scattered clouds
415,Gimli,CA,50.6336,-96.9907,33.06,86,97,6.91,overcast clouds
416,Telimele,GN,10.9167,-13.3333,70.29,78,40,1.77,scattered clouds
417,San Patricio,US,28.017,-97.5169,64.81,45,0,7.99,clear sky
418,Tomino,ES,41.9877,-8.755,54.18,86,46,4.45,scattered clouds
419,Mingguang,CN,32.7802,117.9638,35.98,52,0,4.92,clear sky
420,Wolgast,DE,54.05,13.7667,36.86,93,100,7.83,overcast clouds
421,Bichura,RU,50.5881,107.6022,1.2,88,11,1.88,few clouds
422,Umm Lajj,SA,25.0213,37.2685,76.26,38,100,5.01,overcast clouds
423,Rorvik,NO,64.8621,11.2373,40.3,87,100,17.52,light rain
424,Westport,US,41.1415,-73.3579,46.98,47,1,1.01,clear sky
425,Maksi,IN,23.2667,76.15,57.6,63,0,6.02,clear sky
426,Debre Sina,ET,9.85,39.7667,45.19,76,91,1.36,overcast clouds
427,Killybegs,IE,54.6333,-8.45,46.78,68,100,24.56,overcast clouds
428,Havelock,US,34.8791,-76.9013,49.98,71,1,3.44,clear sky
429,Tuy Hoa,VN,13.0833,109.3,72.54,90,93,16.44,overcast clouds
430,Milton,US,34.1322,-84.3007,51.12,74,0,4.54,clear sky
431,Esna,EG,25.2934,32.554,66.22,51,65,4.43,broken clouds
432,Pulaski,US,34.7668,-92.3001,49.01,57,1,8.99,clear sky
433,Kavaratti,IN,10.5669,72.642,81.45,71,88,2.82,overcast clouds
434,Inuvik,CA,68.3499,-133.7218,-2.99,77,90,11.5,light snow
435,Talnakh,RU,69.4865,88.3972,-26.39,81,70,1.05,broken clouds
436,Vaitape,PF,-16.5167,-151.75,81.3,73,45,11.23,scattered clouds
437,Arivonimamo,MG,-19.0167,47.1833,57.25,86,84,5.82,broken clouds
438,Kargat,RU,55.1956,80.2811,7.23,96,100,7.83,light snow
439,Gizo,SB,-8.103,156.8419,85.01,72,61,6.44,broken clouds
440,Fairbanks,US,64.8378,-147.7164,-10.79,62,75,3.44,mist
441,Akdepe,TM,42.0551,59.3788,32.09,82,78,11.05,broken clouds
442,Mercedes,AR,-34.6515,-59.4307,77.85,87,91,5.35,overcast clouds
443,Inta,RU,66.0317,60.1659,9.66,94,100,11.05,overcast clouds
444,Vao,NC,-22.6667,167.4833,76.39,91,100,14.0,overcast clouds
445,Ottawa,CA,45.4112,-75.6981,39.79,66,40,7.0,scattered clouds
446,Quang Ngai,VN,15.1167,108.8,70.39,89,70,7.87,broken clouds
447,Yinchuan,CN,38.4681,106.2731,23.94,38,0,2.51,clear sky
448,Kalamare,BW,-22.9337,26.5703,71.17,57,98,2.64,overcast clouds
449,Komatipoort,ZA,-25.4332,31.9548,78.04,82,100,4.83,overcast clouds
450,Cherskiy,RU,68.75,161.3,-42.83,100,53,1.72,broken clouds
451,Kampot,KH,10.6167,104.1833,77.05,66,86,15.43,overcast clouds
452,Wattegama,LK,6.7989,81.4808,72.61,93,100,3.98,overcast clouds
453,Suntar,RU,62.1444,117.6319,-16.47,95,100,6.73,overcast clouds
454,Shingu,JP,33.7333,135.9833,50.99,56,4,7.38,clear sky
455,Shenjiamen,CN,29.9576,122.298,49.89,61,51,15.21,broken clouds
456,Sumenep,ID,-7.0167,113.8667,82.27,78,94,5.21,overcast clouds
457,Anadyr,RU,64.75,177.4833,-21.5,74,40,8.95,fog
458,Lata,PT,40.1629,-8.3327,55.81,81,11,4.34,few clouds
459,Cao Bang,VN,22.6667,106.25,54.72,79,53,1.66,broken clouds
460,Kulhudhuffushi,MV,6.6221,73.07,81.28,75,90,4.32,overcast clouds
461,Evensk,RU,61.95,159.2333,10.87,55,100,20.49,overcast clouds
462,Vardo,NO,70.3705,31.1107,30.4,85,84,27.27,broken clouds
463,Boende,CD,-0.2167,20.8667,71.85,95,77,2.68,broken clouds
464,Tiznit,MA,29.5833,-9.5,60.57,35,91,4.27,overcast clouds
465,Asyut,EG,27.181,31.1837,62.78,44,97,3.62,overcast clouds
466,Lloydminster,CA,53.2835,-110.0016,14.22,92,75,6.91,fog
467,San Jose,US,37.3394,-121.895,55.89,80,90,7.0,overcast clouds
468,Cabo San Lucas,MX,22.8909,-109.9124,76.3,68,20,5.75,few clouds
469,Liwale,TZ,-9.7667,37.9333,69.24,98,100,1.81,overcast clouds
470,Atasu,KZ,48.6814,71.6433,13.57,94,99,11.41,overcast clouds
471,Santiago Del Estero,AR,-27.7951,-64.2615,73.09,86,71,11.3,broken clouds
472,North Bend,US,43.4065,-124.2243,48.85,92,90,9.22,overcast clouds
473,Chadiza,ZM,-14.0678,32.4392,68.95,53,0,3.91,clear sky
474,Ekuvukeni,ZA,-28.4675,30.1551,66.42,76,97,2.68,overcast clouds
475,Kostomuksha,RU,64.571,30.5767,22.24,97,100,3.76,light snow
476,San Cristobal,VE,7.7669,-72.225,73.58,90,72,3.44,broken clouds
477,Vostok,RU,46.4856,135.8833,1.85,93,100,8.48,light snow
478,Mandalgovi,MN,45.7625,106.2708,11.19,47,0,13.04,clear sky
479,Muli,MV,2.9167,73.5667,80.26,79,96,6.11,overcast clouds
480,Yakima,US,46.4665,-120.6678,45.23,67,75,13.8,broken clouds
481,Yugo-Kamskiy,RU,57.7053,55.5894,-3.98,89,100,3.8,overcast clouds
482,Antsirabe,MG,-19.85,47.0333,55.04,95,24,3.56,few clouds
483,Griffith,US,41.5284,-87.4237,45.99,66,1,3.0,clear sky
484,Bogorodskoye,RU,56.55,37.8833,24.1,90,100,11.03,overcast clouds
485,Black River,JM,18.0264,-77.8487,80.6,79,27,3.36,scattered clouds
486,Ugoofaaru,MV,5.6667,73.0,82.49,75,100,16.37,overcast clouds
487,Staffanstorp,SE,55.6428,13.2064,41.07,92,90,3.44,fog
488,Kasempa,ZM,-13.4584,25.8338,70.45,47,84,3.18,broken clouds
489,Saint-Augustin,CA,51.226,-58.6502,27.64,65,92,27.45,overcast clouds
490,Kenai,US,60.5544,-151.2583,6.89,68,1,11.5,mist
491,Jalu,LY,29.0331,21.5482,53.76,78,2,8.23,clear sky
492,Ormara,PK,25.2088,64.6357,69.85,49,51,6.4,broken clouds
493,Clonakilty,IE,51.6231,-8.8706,44.1,74,90,3.96,overcast clouds
494,Kupang,ID,-10.1667,123.5833,81.18,94,20,1.14,few clouds
495,Ust-Nera,RU,64.5667,143.2,-40.41,100,87,0.04,overcast clouds
496,Kampene,CD,-3.6,26.6667,70.16,96,100,0.72,overcast clouds
497,Saryg-Sep,RU,51.5,95.6,1.98,95,100,0.36,overcast clouds
498,Hanover,DE,52.3705,9.7332,48.87,96,90,10.36,light intensity drizzle
499,Tombouctou,ML,20.0,-3.0,68.43,10,42,10.18,scattered clouds
500,Oyama,JP,36.3,139.8,52.59,25,3,14.32,clear sky
501,Male,MV,4.1748,73.5089,80.55,83,75,11.5,broken clouds
502,Stavern,NO,59.0,10.0333,36.36,98,100,4.27,overcast clouds
503,Onega,RU,63.9061,38.1404,9.12,97,95,5.32,overcast clouds
504,Merritt Island,US,28.5392,-80.672,73.98,88,90,8.05,overcast clouds
505,El Escorial,ES,40.5914,-4.1474,46.83,86,55,1.68,broken clouds
506,Sri Aman,MY,1.2376,111.4621,75.25,100,100,0.0,overcast clouds
507,Fremont,US,37.5483,-121.9886,55.94,78,90,5.01,overcast clouds
508,Smoky Lake,CA,54.1169,-112.4686,20.12,79,84,4.61,broken clouds
509,Sibolga,ID,1.7427,98.7792,75.99,91,100,1.36,overcast clouds
510,Turtas,RU,58.9417,69.1325,15.22,94,99,7.0,overcast clouds
511,Cap Malheureux,MU,-19.9842,57.6142,73.89,75,84,1.99,broken clouds
512,Korhogo,CI,9.45,-5.6333,75.16,24,10,1.68,clear sky
513,Turukhansk,RU,65.8167,87.9833,-11.47,92,100,4.25,overcast clouds
514,Frei Paulo,BR,-10.5494,-37.5344,73.71,83,31,12.15,scattered clouds
515,Bako,ET,5.7833,36.5667,64.4,38,100,4.27,overcast clouds
516,Zholymbet,KZ,51.7433,71.7122,-0.96,97,60,7.23,broken clouds
517,Mitsamiouli,KM,-11.3847,43.2844,79.84,77,90,10.89,overcast clouds
518,Whitehorse,CA,60.7161,-135.0538,-3.23,70,90,10.0,light snow
519,Bintulu,MY,3.1667,113.0333,75.61,100,40,0.0,fog
520,Green River,US,41.5286,-109.4662,34.2,77,21,6.38,few clouds
521,Gwadar,PK,25.1216,62.3254,70.57,39,15,6.69,few clouds
522,Iranshahr,IR,27.2025,60.6848,52.93,25,0,0.65,clear sky
523,Locri,IT,38.2414,16.2623,54.37,75,93,9.82,overcast clouds
524,Machhlishahr,IN,25.6833,82.4167,55.09,56,0,0.74,clear sky
525,Khani,GE,41.9563,42.9566,42.37,42,76,7.83,broken clouds
526,Sicamous,CA,50.8331,-118.9856,40.17,94,56,3.69,broken clouds
527,Kachug,RU,53.9606,105.8817,15.3,88,96,5.57,overcast clouds
528,Tsiroanomandidy,MG,-18.7667,46.0333,72.41,60,83,3.51,broken clouds
529,Bom Jesus,BR,-9.0744,-44.3586,76.87,77,99,3.04,overcast clouds
530,Jutai,BR,-5.1833,-68.9,75.36,97,83,2.53,broken clouds
531,Kirkwood,US,38.5834,-90.4068,49.71,45,1,3.0,clear sky
532,Vestmannaeyjar,IS,63.4427,-20.2734,43.66,72,100,19.53,overcast clouds
533,Gacko,BA,43.1672,18.5353,30.33,95,87,6.69,overcast clouds
534,Ventspils,LV,57.3894,21.5606,31.93,100,90,4.61,fog
535,Petropavlovsk-Kamchatskiy,RU,53.0452,158.6483,27.19,74,75,4.47,broken clouds
536,Santa Fe,AR,-31.6333,-60.7,79.75,70,79,10.0,light rain
537,Tuatapere,NZ,-46.1333,167.6833,64.81,53,52,5.28,broken clouds
538,Harper,LR,4.375,-7.7169,79.79,84,35,7.52,scattered clouds
539,Natal,BR,-5.795,-35.2094,83.05,78,40,13.8,scattered clouds
540,Iskateley,RU,67.6803,53.1512,15.12,95,100,9.78,overcast clouds
541,Port Alberni,CA,49.2413,-124.8028,41.85,96,100,1.99,overcast clouds
542,Ponta Delgada,PT,37.7333,-25.6667,56.5,54,40,8.05,scattered clouds
543,Gamba,GA,-2.65,10.0,75.45,93,99,1.63,overcast clouds
544,Luba,GQ,3.4568,8.5547,78.69,82,42,6.78,scattered clouds
545,Rio Gallegos,AR,-51.6226,-69.2181,53.65,20,40,27.63,scattered clouds
546,Rapid Valley,US,44.0625,-103.1463,46.06,49,1,8.05,clear sky
547,Tahoua,NE,14.8888,5.2692,71.67,15,45,10.71,scattered clouds
548,Mitu,CO,1.1983,-70.1733,75.43,89,85,2.53,overcast clouds
549,Lamu,KE,-2.2717,40.902,80.82,85,67,11.41,light rain
550,Roald,NO,62.5833,6.1333,45.52,87,90,3.44,overcast clouds
551,Maceio,BR,-9.6658,-35.7353,78.24,88,20,5.75,few clouds
552,Omsukchan,RU,62.5333,155.8,-4.34,98,100,7.45,overcast clouds
553,Price,US,39.5994,-110.8107,33.06,43,1,4.61,clear sky
554,Prestea,GH,5.4327,-2.1428,76.32,92,85,2.15,overcast clouds
555,Mandaguari,BR,-23.5475,-51.6708,85.44,68,95,6.31,overcast clouds
556,Esperance,AU,-33.8667,121.9,60.64,50,69,4.14,broken clouds
557,Terekli-Mekteb,RU,44.1671,45.8698,39.87,74,99,15.39,overcast clouds
558,Mahibadhoo,MV,3.7833,72.9667,80.2,81,95,10.09,overcast clouds
559,Taldan,RU,53.6667,124.8,-2.15,92,100,1.32,overcast clouds
560,Huntingdon,GB,52.3305,-0.1865,53.92,84,100,10.0,overcast clouds
561,Namwala,ZM,-15.7504,26.4384,76.37,33,47,1.07,scattered clouds
562,Bonfim,BR,3.0833,-59.95,79.16,77,100,8.28,overcast clouds
563,Conceicao Do Araguaia,BR,-8.2578,-49.2647,76.01,91,100,1.81,overcast clouds
564,Okha,RU,53.5739,142.9478,24.84,92,100,20.18,light snow
565,Quilali,NI,13.567,-86.026,82.08,75,48,4.21,scattered clouds
566,Dubrovka,RU,53.6907,33.5071,28.38,94,100,7.54,overcast clouds
567,Rundu,NA,-17.9333,19.7667,66.99,85,88,1.81,overcast clouds
568,Lethem,GY,3.3803,-59.7968,79.21,77,99,10.25,overcast clouds
569,Kapoeta,SS,4.7717,33.5903,80.62,40,72,16.75,broken clouds
570,Lincoln,US,40.8,-96.667,51.71,32,1,3.0,clear sky
571,Atuntaqui,EC,0.3333,-78.2167,57.02,97,100,1.81,light rain
572,Colquechaca,BO,-18.6667,-66.0167,32.36,44,40,4.92,scattered clouds
573,Ystad,SE,55.4297,13.8204,38.14,95,100,7.16,overcast clouds
574,Oktyabrskoye,RU,43.0645,44.7417,28.54,100,35,4.47,scattered clouds
575,Los Llanos De Aridane,ES,28.6585,-17.9182,62.35,76,75,5.01,broken clouds
576,Nago,JP,26.5881,127.9761,68.07,70,99,16.87,overcast clouds
577,Campo Grande,BR,-20.4428,-54.6464,72.95,94,75,4.61,light rain
578,Kimparana,ML,12.8347,-4.9244,80.69,16,83,7.47,broken clouds
579,Bilibino,RU,68.0546,166.4372,-34.29,95,17,5.44,few clouds
580,Pallasovka,RU,50.05,46.8833,19.4,70,2,9.48,clear sky
581,Molokovo,RU,58.1661,36.7628,28.53,97,100,10.85,light snow
582,Zaysan,KZ,47.4667,84.8667,11.77,91,100,1.36,overcast clouds
583,Urumqi,CN,43.801,87.6005,4.15,85,0,0.0,clear sky
584,Pitimbu,BR,-7.4706,-34.8086,79.39,77,15,11.74,few clouds
585,Rossland,CA,49.0831,-117.8022,32.72,76,50,3.0,scattered clouds
586,Marsh Harbour,BS,26.5412,-77.0636,76.51,77,5,12.03,clear sky
587,Columbus,US,39.9612,-82.9988,41.81,65,1,6.91,clear sky
588,Samarai,PG,-10.6167,150.6667,84.36,73,100,11.07,overcast clouds
589,Axim,GH,4.8699,-2.2405,79.52,85,66,5.84,broken clouds
590,Osoyoos,CA,49.0331,-119.4524,44.19,42,41,9.22,scattered clouds
591,Talara,PE,-4.5772,-81.2719,67.73,84,20,8.95,few clouds
592,Nabire,ID,-3.3667,135.4833,83.95,69,100,2.86,overcast clouds
593,Rancho Palos Verdes,US,33.7445,-118.387,67.35,57,1,5.01,clear sky
594,Nhulunbuy,AU,-12.2333,136.7667,88.41,62,67,5.75,broken clouds
595,Kurbnesh,AL,41.7797,20.0836,32.63,86,99,7.05,overcast clouds
596,Usinsk,RU,65.9939,57.5281,7.43,97,95,10.94,overcast clouds
597,Ankara,TR,39.9199,32.8543,47.21,78,0,1.01,clear sky
598,Bainbridge,US,47.6262,-122.5212,42.22,86,90,5.99,overcast clouds
599,Marsa Matruh,EG,31.3525,27.2453,55.6,67,0,2.3,clear sky
600,Boyolangu,ID,-8.1181,111.8935,79.93,82,80,6.08,broken clouds
601,Qarqin,AF,37.4185,66.0436,47.1,63,100,7.74,overcast clouds
602,Seoul,KR,37.5683,126.9778,24.24,50,0,3.44,clear sky
603,Buta,CD,2.7858,24.73,71.11,85,87,0.83,overcast clouds
604,Vrangel,RU,42.7297,133.0839,18.19,53,3,20.92,clear sky
605,Prince Rupert,CA,54.3161,-130.3201,37.09,60,40,9.22,light rain
606,Contamana,PE,-7.3333,-75.0167,85.62,55,80,4.52,broken clouds
607,Celle,DE,52.6226,10.0805,49.05,95,90,8.05,light intensity drizzle
608,Breves,BR,-1.6822,-50.4803,77.88,81,93,4.32,overcast clouds
609,Thomaston,US,32.8882,-84.3266,51.04,76,1,3.44,clear sky
610,Oltu,TR,40.5498,42.0013,35.64,47,6,5.91,clear sky
611,Tura,IN,25.5198,90.2201,55.62,78,0,3.44,clear sky
612,Paita,PE,-5.0892,-81.1144,67.84,83,21,11.05,few clouds
613,Adamovka,RU,51.5223,59.9396,4.6,90,6,5.03,clear sky
614,Rio Pardo,BR,-29.9897,-52.3781,75.11,68,66,9.6,broken clouds
615,Isilkul,RU,54.9109,71.2728,10.9,90,96,10.25,overcast clouds
616,Varkaus,FI,62.3153,27.873,26.31,98,100,0.92,overcast clouds
617,Sturgeon Bay,US,44.8342,-87.377,37.09,60,1,12.66,clear sky
618,Medicine Hat,CA,50.0501,-110.6683,36.03,71,75,5.99,broken clouds
619,Paragominas,BR,-2.9667,-47.4833,79.12,70,77,3.04,broken clouds
620,Itaquyry,PY,-24.9333,-55.2167,79.02,93,87,2.95,overcast clouds
621,Voloshka,RU,61.3314,40.0858,21.18,95,98,6.67,overcast clouds
622,Jiayuguan,CN,39.8167,98.3,17.17,35,0,5.35,clear sky
623,Fenoarivo,MG,-18.933,47.4354,59.07,94,20,4.61,few clouds
624,Yumen,CN,40.2833,97.2,18.81,38,0,17.83,clear sky
625,Bressuire,FR,46.9167,-0.5,49.05,95,90,5.7,overcast clouds
626,Abha,SA,18.2164,42.5053,46.65,43,0,5.75,clear sky
627,Puntarenas,CR,9.9763,-84.8384,87.73,81,23,4.05,few clouds
628,Gaziantep,TR,37.0594,37.3825,42.46,75,0,0.0,clear sky
629,Sao Filipe,CV,14.8961,-24.4956,74.68,74,93,6.29,overcast clouds
630,Bure,ET,10.7,37.0667,53.91,36,68,4.68,broken clouds
631,Madison Heights,US,42.4859,-83.1052,44.01,63,1,14.97,clear sky
632,Taltal,CL,-25.4,-70.4833,62.73,79,24,3.18,few clouds
633,Palmer,US,42.1584,-72.3287,39.51,54,1,4.61,clear sky
634,Mackay,AU,-21.15,149.2,86.68,61,40,19.57,scattered clouds
635,Prince Albert,CA,53.2001,-105.7677,22.95,86,90,2.3,light snow
636,Mount Gambier,AU,-37.8333,140.7667,66.11,68,90,11.5,overcast clouds
637,Bontang,ID,0.1333,117.5,79.29,82,83,6.93,broken clouds
638,Hirapur,IN,21.5333,79.7667,56.52,61,56,4.0,broken clouds
639,Zambezi,ZM,-13.5432,23.1047,67.77,79,100,2.82,light rain
640,Cabatuan,PH,10.8794,122.486,79.48,85,77,12.24,broken clouds
641,Kuybyshevo,RU,47.8123,38.9073,33.66,64,100,16.55,overcast clouds
642,Kaeo,NZ,-35.1,173.7833,72.32,96,100,6.64,light rain
643,Winslow,US,35.0242,-110.6974,53.78,32,1,1.99,clear sky
644,Powell,US,40.1578,-83.0752,40.89,66,1,1.01,clear sky
645,Takoradi,GH,4.8845,-1.7554,80.11,84,81,6.71,broken clouds
646,Moses Lake,US,47.1301,-119.2781,44.96,49,1,11.5,clear sky
647,Pochutla,MX,15.7432,-96.4661,83.82,82,1,3.09,clear sky
648,Aste,IT,45.7906,11.0961,35.28,63,99,4.29,overcast clouds
649,Baykit,RU,61.67,96.37,-25.04,99,41,2.08,scattered clouds
650,Krasnyy Oktyabr,RU,56.1167,38.8833,19.96,92,94,7.38,overcast clouds
651,Kitui,KE,-1.367,38.0106,62.29,94,99,2.01,overcast clouds
652,Parintins,BR,-2.6283,-56.7358,76.01,97,100,1.48,overcast clouds
653,Homer,US,59.6425,-151.5483,12.07,61,1,14.97,clear sky
654,Bardiyah,LY,31.7561,25.0865,59.11,73,33,7.96,scattered clouds
655,Dryden,CA,49.7833,-92.7503,32.29,74,75,8.05,broken clouds
656,Ashington,GB,50.9331,-0.3909,53.64,87,100,3.0,overcast clouds
657,Tual,ID,-5.6667,132.75,84.06,74,97,11.56,overcast clouds
658,Ghanzi,BW,-21.5667,21.7833,70.16,69,100,9.44,overcast clouds
659,Itaituba,BR,-4.2761,-55.9836,75.06,98,100,2.01,heavy intensity rain
660,Hobyo,SO,5.3505,48.5268,78.08,80,46,20.94,scattered clouds
661,Shaoguan,CN,24.8,113.5833,53.87,70,98,3.49,overcast clouds
662,Saint-Joseph,RE,-21.3667,55.6167,75.58,73,69,12.12,broken clouds
663,Sabang,ID,5.8933,95.3214,81.97,72,4,19.35,clear sky
664,Los Algarrobos,PA,8.5,-82.4333,79.21,83,20,5.75,few clouds
665,Ixtapa,MX,20.7,-105.2,78.22,86,7,4.0,clear sky
666,Grenfell,AU,-33.9,148.1667,74.32,39,0,5.19,clear sky
667,Odesskoye,RU,54.2111,72.9651,9.05,90,100,11.36,overcast clouds
668,Vila Franca Do Campo,PT,37.7167,-25.4333,56.19,55,99,16.62,overcast clouds
669,Mkuranga,TZ,-7.118,39.2078,72.28,93,42,1.3,scattered clouds
670,Caluquembe,AO,-13.7833,14.6833,61.63,98,100,4.5,moderate rain
671,Ketchikan,US,55.3422,-131.6461,30.67,80,1,0.0,clear sky
672,Grandview,US,38.8858,-94.533,51.48,34,1,1.99,clear sky
673,Samana,DO,19.2056,-69.3369,76.96,89,37,8.75,scattered clouds
674,Perez,AR,-32.9983,-60.7679,71.64,94,90,11.5,moderate rain
675,Cascais,PT,38.6979,-9.4215,60.51,69,2,1.01,clear sky
676,Mayskiy,RU,47.6931,40.1025,27.81,58,100,16.49,overcast clouds
677,Todos Santos,MX,23.45,-110.2167,75.0,69,55,4.0,broken clouds
678,Ailigandi,PA,9.2333,-78.0167,79.61,83,100,8.81,overcast clouds
679,Iralaya,HN,15.0,-83.2333,78.89,87,2,10.16,clear sky
680,Luanda,AO,-8.8368,13.2343,78.8,83,75,2.3,heavy intensity rain
681,Shellbrook,CA,53.2168,-106.4011,22.23,95,99,5.32,overcast clouds
682,Pizarro,CO,4.9533,-77.366,74.71,91,100,5.64,light rain
683,Holme,DK,56.1138,10.1725,43.65,95,97,5.44,overcast clouds
684,Soe,ID,-9.8607,124.284,76.78,69,93,0.58,overcast clouds
685,Kiama,AU,-34.6833,150.8667,72.25,63,14,1.99,few clouds
686,Guerrero Negro,MX,27.9769,-114.0611,64.6,53,50,9.48,scattered clouds
687,Nyurba,RU,63.2842,118.3319,-22.63,97,100,6.78,overcast clouds
688,Uyuni,BO,-20.4597,-66.825,51.66,36,0,18.48,clear sky
689,Vestmanna,FO,62.1564,-7.1664,40.12,81,90,9.22,drizzle
690,Bemidji,US,47.4736,-94.8803,36.91,71,1,5.75,clear sky
691,Uige,AO,-7.6087,15.0613,66.67,99,100,0.49,light rain
692,La Crosse,US,43.8014,-91.2396,39.33,66,1,5.75,clear sky
693,Ola,RU,59.5833,151.2833,8.15,87,100,11.34,overcast clouds
694,Esmeraldas,BR,-19.7625,-44.3139,77.86,93,86,4.34,overcast clouds
695,Ayorou,NE,14.7308,0.9174,75.13,14,32,8.23,scattered clouds
696,La Libertad,EC,-2.2333,-80.9,73.06,88,90,9.22,overcast clouds
697,Dembi Dolo,ET,8.5333,34.8,60.06,48,100,4.25,overcast clouds
698,Manzini,SZ,-26.25,31.5,70.21,89,100,3.04,light rain
699,Hohhot,CN,40.8106,111.6522,-0.11,71,0,4.47,clear sky
700,Nikki,BJ,9.9401,3.2108,75.13,19,17,4.59,few clouds
701,Baoning,CN,25.3378,110.026,49.86,76,40,4.47,scattered clouds
702,Sisimiut,GL,66.9395,-53.6735,15.51,85,58,9.66,broken clouds
703,Mananjary,MG,-21.2167,48.3333,72.86,88,16,1.12,light rain
704,Labrador,PH,16.0281,120.1442,78.93,70,93,10.56,overcast clouds
705,Xichang,CN,27.8964,102.2634,42.37,90,73,0.43,broken clouds
706,Ajdabiya,LY,30.7554,20.2263,58.78,65,3,8.34,clear sky
707,Shizilu,CN,35.1711,118.8289,29.07,42,0,0.07,clear sky
708,Foxton,NZ,-40.4667,175.3,76.73,67,100,2.19,overcast clouds
709,Trelew,AR,-43.249,-65.3051,61.03,53,99,16.46,light rain
710,Chifeng,CN,42.2683,118.9636,17.4,36,0,6.78,clear sky
711,Puerto Madryn,AR,-42.7692,-65.0385,62.94,47,59,19.55,broken clouds
712,Ostroh,UA,50.3294,26.5143,38.8,99,100,7.36,overcast clouds
713,Warri,NG,5.5167,5.75,79.34,87,49,3.4,scattered clouds
